[{"addr":"종로구","cctvCount":1966 },
{"addr":"중 구","cctvCount":2584 },
{"addr":"용산구","cctvCount":2970 },
{"addr":"성동구","cctvCount":4175 },
{"addr":"광진구","cctvCount":3592 },
{"addr":"동대문구","cctvCount":2759 },
{"addr":"중랑구","cctvCount":4193 },
{"addr":"성북구","cctvCount":4957 },
{"addr":"강북구","cctvCount":3321 },
{"addr":"도봉구","cctvCount":2385 },
{"addr":"노원구","cctvCount":2626 },
{"addr":"은평구","cctvCount":4653 },
{"addr":"서대문구","cctvCount":3538 },
{"addr":"마포구","cctvCount":2638 },
{"addr":"양천구","cctvCount":3890 },
{"addr":"강서구","cctvCount":3353 },
{"addr":"구로구","cctvCount":4831 },
{"addr":"금천구","cctvCount":2885 },
{"addr":"영등포구","cctvCount":4660 },
{"addr":"동작구","cctvCount":2690 },
{"addr":"관악구","cctvCount":5642 },
{"addr":"서초구","cctvCount":4995 },
{"addr":"강남구","cctvCount":7243 },
{"addr":"송파구","cctvCount":3253 },
{"addr":"강동구","cctvCount":3192 }]