[
    {"address":"사직동","population":9.355,"squareKM":1.23,"density":7.606},
    {"address":"삼청동","population":2.642,"squareKM":1.49,"density":1.773},
    {"address":"부암동","population":9.536,"squareKM":2.27,"density":4.201},
    {"address":"평창동","population":17.858,"squareKM":8.87,"density":2.013},
    {"address":"무악동","population":8.052,"squareKM":0.36,"density":22.367},
    {"address":"교남동","population":9.994,"squareKM":0.35,"density":28.554},
    {"address":"가회동","population":4.065,"squareKM":0.54,"density":7.528},
    {"address":"종로1.2.3.4가동","population":8.700,"squareKM":2.35,"density":3.702},
    {"address":"종로5.6가동","population":5.817,"squareKM":0.60,"density":9.695},
    {"address":"이화동","population":7.631,"squareKM":0.78,"density":9.783},
    {"address":"창신1동","population":5.383,"squareKM":0.31,"density":17.365},
    {"address":"창신2동","population":8.796,"squareKM":0.26,"density":33.831},
    {"address":"창신3동","population":6.606,"squareKM":0.23,"density":28.722},
    {"address":"숭인1동","population":6.057,"squareKM":0.23,"density":26.335},
    {"address":"숭인2동","population":10.509,"squareKM":0.35,"density":30.026},
    {"address":"청운효자동","population":11.818,"squareKM":2.57,"density":4.598},
    {"address":"혜화동","population":19.392,"squareKM":1.12,"density":17.314},
    {"address":"소공동","population":3.578,"squareKM":0.95,"density":3.766},
    {"address":"회현동","population":5.222,"squareKM":0.84,"density":6.217},
    {"address":"명동","population":3.638,"squareKM":0.99,"density":3.675},
    {"address":"필동","population":4.816,"squareKM":1.14,"density":4.225},
    {"address":"장충동","population":5.326,"squareKM":1.36,"density":3.916},
    {"address":"광희동","population":6.682,"squareKM":0.74,"density":9.030},
    {"address":"을지로동","population":1.912,"squareKM":0.60,"density":3.187},
    {"address":"신당5동","population":10.513,"squareKM":0.39,"density":26.956},
    {"address":"황학동","population":13.459,"squareKM":0.33,"density":40.785},
    {"address":"중림동","population":12.338,"squareKM":0.48,"density":25.704},
    {"address":"신당동","population":9.087,"squareKM":0.55,"density":16.522},
    {"address":"다산동","population":13.954,"squareKM":0.51,"density":27.361},
    {"address":"약수동","population":16.610,"squareKM":0.48,"density":34.604},
    {"address":"청구동","population":13.451,"squareKM":0.34,"density":39.562},
    {"address":"동화동","population":10.199,"squareKM":0.26,"density":39.227},
    {"address":"후암동","population":16.812,"squareKM":0.86,"density":19.549},
    {"address":"용산2가동","population":10.333,"squareKM":1.96,"density":5.272},
    {"address":"남영동","population":7.552,"squareKM":1.19,"density":6.346},
    {"address":"원효로2동","population":13.795,"squareKM":0.71,"density":19.430},
    {"address":"효창동","population":10.888,"squareKM":0.44,"density":24.745},
    {"address":"용문동","population":11.664,"squareKM":0.28,"density":41.657},
    {"address":"이촌1동","population":25.707,"squareKM":2.86,"density":8.988},
    {"address":"이촌2동","population":8.094,"squareKM":1.22,"density":6.634},
    {"address":"이태원1동","population":7.947,"squareKM":0.57,"density":13.942},
    {"address":"이태원2동","population":10.427,"squareKM":0.86,"density":12.124},
    {"address":"서빙고동","population":13.458,"squareKM":2.80,"density":4.806},
    {"address":"보광동","population":14.060,"squareKM":0.71,"density":19.803},
    {"address":"청파동","population":19.833,"squareKM":0.90,"density":22.037},
    {"address":"원효로1동","population":17.774,"squareKM":0.59,"density":30.125},
    {"address":"한강로동","population":22.886,"squareKM":2.90,"density":7.892},
    {"address":"한남동","population":22.054,"squareKM":3.01,"density":7.327},
    {"address":"왕십리2동","population":16.688,"squareKM":0.41,"density":40.702},
    {"address":"마장동","population":22.706,"squareKM":1.05,"density":21.625},
    {"address":"사근동","population":14.082,"squareKM":1.10,"density":12.802},
    {"address":"행당1동","population":13.996,"squareKM":0.59,"density":23.722},
    {"address":"행당2동","population":23.148,"squareKM":0.42,"density":55.114},
    {"address":"응봉동","population":15.100,"squareKM":0.57,"density":26.491},
    {"address":"금호1가동","population":15.137,"squareKM":0.46,"density":32.907},
    {"address":"금호4가동","population":14.228,"squareKM":0.84,"density":16.938},
    {"address":"성수1가1동","population":16.407,"squareKM":1.97,"density":8.328},
    {"address":"성수1가2동","population":12.322,"squareKM":0.89,"density":13.845},
    {"address":"성수2가1동","population":15.716,"squareKM":1.17,"density":13.432},
    {"address":"성수2가3동","population":10.520,"squareKM":1.03,"density":10.214},
    {"address":"송정동","population":10.464,"squareKM":0.75,"density":13.952},
    {"address":"용답동","population":12.551,"squareKM":2.31,"density":5.433},
    {"address":"왕십리도선동","population":26.903,"squareKM":0.72,"density":37.365},
    {"address":"금호2.3가동","population":22.423,"squareKM":0.64,"density":35.036},
    {"address":"옥수동","population":25.843,"squareKM":1.94,"density":13.321},
    {"address":"화양동","population":27.082,"squareKM":1.16,"density":23.347},
    {"address":"군자동","population":21.524,"squareKM":0.74,"density":29.086},
    {"address":"중곡1동","population":15.663,"squareKM":0.62,"density":25.263},
    {"address":"중곡2동","population":21.336,"squareKM":0.55,"density":38.793},
    {"address":"중곡3동","population":16.177,"squareKM":0.60,"density":26.962},
    {"address":"중곡4동","population":28.405,"squareKM":2.32,"density":12.244},
    {"address":"능동","population":11.561,"squareKM":1.10,"density":10.510},
    {"address":"구의1동","population":24.049,"squareKM":0.56,"density":42.945},
    {"address":"구의2동","population":26.573,"squareKM":1.39,"density":19.117},
    {"address":"구의3동","population":28.440,"squareKM":1.02,"density":27.882},
    {"address":"광장동","population":34.362,"squareKM":2.39,"density":14.377},
    {"address":"자양1동","population":22.709,"squareKM":0.57,"density":39.840},
    {"address":"자양2동","population":24.253,"squareKM":1.68,"density":14.436},
    {"address":"자양3동","population":27.858,"squareKM":1.20,"density":23.215},
    {"address":"자양4동","population":21.260,"squareKM":1.16,"density":18.328},
    {"address":"회기동","population":13.536,"squareKM":0.76,"density":17.811},
    {"address":"휘경1동","population":16.339,"squareKM":0.63,"density":25.935},
    {"address":"휘경2동","population":24.666,"squareKM":1.05,"density":23.491},
    {"address":"청량리동","population":19.094,"squareKM":1.20,"density":15.912},
    {"address":"용신동","population":36.137,"squareKM":1.61,"density":22.445},
    {"address":"제기동","population":26.484,"squareKM":1.18,"density":22.444},
    {"address":"전농1동","population":29.220,"squareKM":1.19,"density":24.555},
    {"address":"전농2동","population":18.629,"squareKM":0.86,"density":21.662},
    {"address":"답십리2동","population":28.055,"squareKM":0.85,"density":33.006},
    {"address":"장안1동","population":38.677,"squareKM":1.25,"density":30.942},
    {"address":"장안2동","population":32.685,"squareKM":1.09,"density":29.986},
    {"address":"이문1동","population":21.366,"squareKM":1.04,"density":20.544},
    {"address":"이문2동","population":20.183,"squareKM":0.69,"density":29.251},
    {"address":"답십리1동","population":28.530,"squareKM":0.81,"density":35.222},
    {"address":"면목2동","population":24.206,"squareKM":0.77,"density":31.436},
    {"address":"면목4동","population":18.746,"squareKM":0.87,"density":21.547},
    {"address":"면목5동","population":14.836,"squareKM":0.70,"density":21.194},
    {"address":"면목7동","population":21.798,"squareKM":1.20,"density":18.165},
    {"address":"상봉1동","population":23.714,"squareKM":0.88,"density":26.948},
    {"address":"상봉2동","population":20.612,"squareKM":0.65,"density":31.711},
    {"address":"중화1동","population":19.293,"squareKM":0.64,"density":30.145},
    {"address":"중화2동","population":24.926,"squareKM":1.01,"density":24.679},
    {"address":"묵1동","population":34.344,"squareKM":1.20,"density":28.620},
    {"address":"묵2동","population":18.624,"squareKM":0.67,"density":27.797},
    {"address":"망우3동","population":16.303,"squareKM":0.92,"density":17.721},
    {"address":"신내1동","population":38.205,"squareKM":2.56,"density":14.924},
    {"address":"신내2동","population":20.155,"squareKM":0.93,"density":21.672},
    {"address":"면목본동","population":33.856,"squareKM":0.84,"density":40.305},
    {"address":"면목3.8동","population":24.617,"squareKM":1.63,"density":15.102},
    {"address":"망우본동","population":35.905,"squareKM":3.03,"density":11.850},
    {"address":"돈암1동","population":14.474,"squareKM":0.49,"density":29.539},
    {"address":"돈암2동","population":23.657,"squareKM":0.48,"density":49.285},
    {"address":"안암동","population":17.118,"squareKM":1.33,"density":12.871},
    {"address":"보문동","population":16.712,"squareKM":0.56,"density":29.843},
    {"address":"정릉1동","population":18.197,"squareKM":0.44,"density":41.357},
    {"address":"정릉2동","population":22.911,"squareKM":1.17,"density":19.582},
    {"address":"정릉3동","population":16.567,"squareKM":3.71,"density":4.465},
    {"address":"정릉4동","population":24.911,"squareKM":3.13,"density":7.959},
    {"address":"길음1동","population":35.000,"squareKM":0.79,"density":44.304},
    {"address":"길음2동","population":21.728,"squareKM":0.58,"density":37.462},
    {"address":"월곡1동","population":26.169,"squareKM":0.81,"density":32.307},
    {"address":"월곡2동","population":19.739,"squareKM":1.36,"density":14.514},
    {"address":"장위1동","population":24.082,"squareKM":0.70,"density":34.403},
    {"address":"장위2동","population":13.622,"squareKM":0.67,"density":20.331},
    {"address":"장위3동","population":15.868,"squareKM":0.65,"density":24.412},
    {"address":"성북동","population":16.889,"squareKM":2.86,"density":5.905},
    {"address":"삼선동","population":23.044,"squareKM":0.92,"density":25.048},
    {"address":"동선동","population":15.870,"squareKM":0.73,"density":21.740},
    {"address":"종암동","population":40.111,"squareKM":1.46,"density":27.473},
    {"address":"석관동","population":35.315,"squareKM":1.73,"density":20.413},
    {"address":"번1동","population":18.578,"squareKM":0.66,"density":28.148},
    {"address":"번2동","population":15.397,"squareKM":0.95,"density":16.207},
    {"address":"번3동","population":16.449,"squareKM":1.10,"density":14.954},
    {"address":"수유1동","population":20.501,"squareKM":1.67,"density":12.276},
    {"address":"수유2동","population":21.054,"squareKM":0.57,"density":36.937},
    {"address":"수유3동","population":23.778,"squareKM":0.72,"density":33.025},
    {"address":"삼양동","population":23.090,"squareKM":0.91,"density":25.374},
    {"address":"미아동","population":21.685,"squareKM":0.93,"density":23.317},
    {"address":"송중동","population":29.910,"squareKM":1.01,"density":29.614},
    {"address":"송천동","population":25.998,"squareKM":0.90,"density":28.887},
    {"address":"삼각산동","population":30.939,"squareKM":0.62,"density":49.902},
    {"address":"우이동","population":20.407,"squareKM":10.28,"density":1.985},
    {"address":"인수동","population":29.916,"squareKM":3.28,"density":9.121},
    {"address":"쌍문1동","population":21.445,"squareKM":1.24,"density":17.294},
    {"address":"쌍문2동","population":18.461,"squareKM":0.54,"density":34.187},
    {"address":"쌍문3동","population":16.934,"squareKM":0.50,"density":33.868},
    {"address":"쌍문4동","population":18.348,"squareKM":0.52,"density":35.285},
    {"address":"방학1동","population":28.410,"squareKM":0.69,"density":41.174},
    {"address":"방학2동","population":19.354,"squareKM":0.74,"density":26.154},
    {"address":"방학3동","population":26.500,"squareKM":2.62,"density":10.115},
    {"address":"창1동","population":24.502,"squareKM":0.88,"density":27.843},
    {"address":"창2동","population":28.957,"squareKM":1.05,"density":27.578},
    {"address":"창3동","population":13.633,"squareKM":0.67,"density":20.348},
    {"address":"창4동","population":26.121,"squareKM":0.95,"density":27.496},
    {"address":"창5동","population":24.343,"squareKM":0.70,"density":34.776},
    {"address":"도봉1동","population":20.622,"squareKM":8.72,"density":2.365},
    {"address":"도봉2동","population":26.359,"squareKM":0.83,"density":31.758},
    {"address":"월계1동","population":21.580,"squareKM":1.16,"density":18.603},
    {"address":"월계2동","population":26.066,"squareKM":1.94,"density":13.436},
    {"address":"월계3동","population":29.384,"squareKM":1.17,"density":25.115},
    {"address":"공릉2동","population":42.538,"squareKM":6.82,"density":6.237},
    {"address":"하계1동","population":26.982,"squareKM":1.55,"density":17.408},
    {"address":"하계2동","population":21.642,"squareKM":0.51,"density":42.435},
    {"address":"중계본동","population":23.477,"squareKM":1.97,"density":11.917},
    {"address":"중계1동","population":26.580,"squareKM":0.63,"density":42.190},
    {"address":"중계4동","population":19.601,"squareKM":1.70,"density":11.530},
    {"address":"상계1동","population":37.857,"squareKM":5.62,"density":6.736},
    {"address":"상계2동","population":19.629,"squareKM":0.61,"density":32.179},
    {"address":"상계5동","population":23.737,"squareKM":1.01,"density":23.502},
    {"address":"상계8동","population":22.344,"squareKM":0.67,"density":33.349},
    {"address":"상계9동","population":20.071,"squareKM":0.81,"density":24.779},
    {"address":"상계10동","population":18.477,"squareKM":0.80,"density":23.096},
    {"address":"상계3.4동","population":25.324,"squareKM":5.05,"density":5.015},
    {"address":"상계6.7동","population":32.044,"squareKM":1.11,"density":28.868},
    {"address":"중계2.3동","population":33.497,"squareKM":0.90,"density":37.219},
    {"address":"공릉1동","population":37.184,"squareKM":1.41,"density":26.372},
    {"address":"녹번동","population":36.884,"squareKM":1.79,"density":20.606},
    {"address":"불광1동","population":38.265,"squareKM":3.13,"density":12.225},
    {"address":"갈현1동","population":17.151,"squareKM":0.97,"density":17.681},
    {"address":"갈현2동","population":28.176,"squareKM":0.96,"density":29.350},
    {"address":"구산동","population":32.020,"squareKM":1.38,"density":23.203},
    {"address":"대조동","population":26.862,"squareKM":0.85,"density":31.602},
    {"address":"응암1동","population":33.279,"squareKM":1.20,"density":27.733},
    {"address":"응암2동","population":28.016,"squareKM":0.78,"density":35.918},
    {"address":"신사1동","population":26.984,"squareKM":0.84,"density":32.124},
    {"address":"신사2동","population":19.497,"squareKM":1.00,"density":19.497},
    {"address":"증산동","population":18.647,"squareKM":0.81,"density":23.021},
    {"address":"수색동","population":13.210,"squareKM":1.29,"density":10.240},
    {"address":"진관동","population":55.034,"squareKM":11.53,"density":4.773},
    {"address":"불광2동","population":27.280,"squareKM":1.38,"density":19.768},
    {"address":"응암3동","population":24.313,"squareKM":0.63,"density":38.592},
    {"address":"역촌동","population":44.984,"squareKM":1.16,"density":38.779},
    {"address":"천연동","population":17.031,"squareKM":0.97,"density":17.558},
    {"address":"홍제1동","population":24.674,"squareKM":1.23,"density":20.060},
    {"address":"홍제3동","population":17.890,"squareKM":0.81,"density":22.086},
    {"address":"홍제2동","population":13.433,"squareKM":1.05,"density":12.793},
    {"address":"홍은1동","population":22.825,"squareKM":1.58,"density":14.446},
    {"address":"홍은2동","population":27.499,"squareKM":2.06,"density":13.349},
    {"address":"남가좌1동","population":16.884,"squareKM":0.51,"density":33.106},
    {"address":"남가좌2동","population":30.508,"squareKM":0.77,"density":39.621},
    {"address":"북가좌1동","population":17.804,"squareKM":0.55,"density":32.371},
    {"address":"북가좌2동","population":31.244,"squareKM":0.84,"density":37.195},
    {"address":"충현동","population":20.316,"squareKM":1.12,"density":18.139},
    {"address":"북아현동","population":15.875,"squareKM":0.46,"density":34.511},
    {"address":"신촌동","population":26.143,"squareKM":2.63,"density":9.940},
    {"address":"연희동","population":37.428,"squareKM":3.05,"density":12.271},
    {"address":"용강동","population":21.786,"squareKM":0.84,"density":25.936},
    {"address":"대흥동","population":16.177,"squareKM":0.87,"density":18.594},
    {"address":"염리동","population":17.633,"squareKM":0.44,"density":40.075},
    {"address":"신수동","population":22.672,"squareKM":0.78,"density":29.067},
    {"address":"서교동","population":26.674,"squareKM":1.65,"density":16.166},
    {"address":"합정동","population":17.064,"squareKM":1.72,"density":9.921},
    {"address":"망원1동","population":19.757,"squareKM":1.13,"density":17.484},
    {"address":"망원2동","population":18.449,"squareKM":0.67,"density":27.536},
    {"address":"연남동","population":15.603,"squareKM":0.64,"density":24.380},
    {"address":"성산1동","population":19.079,"squareKM":0.80,"density":23.849},
    {"address":"성산2동","population":39.500,"squareKM":2.07,"density":19.082},
    {"address":"상암동","population":30.837,"squareKM":8.40,"density":3.671},
    {"address":"도화동","population":21.118,"squareKM":0.62,"density":34.061},
    {"address":"서강동","population":25.576,"squareKM":1.45,"density":17.639},
    {"address":"공덕동","population":37.476,"squareKM":1.01,"density":37.105},
    {"address":"아현동","population":26.184,"squareKM":0.76,"density":34.453},
    {"address":"목1동","population":30.536,"squareKM":1.41,"density":21.657},
    {"address":"목2동","population":29.641,"squareKM":1.03,"density":28.778},
    {"address":"목3동","population":21.719,"squareKM":0.53,"density":40.979},
    {"address":"목4동","population":25.018,"squareKM":0.57,"density":43.891},
    {"address":"신월1동","population":20.343,"squareKM":0.65,"density":31.297},
    {"address":"신월2동","population":20.569,"squareKM":0.61,"density":33.720},
    {"address":"신월3동","population":14.934,"squareKM":0.87,"density":17.166},
    {"address":"신월4동","population":17.698,"squareKM":0.52,"density":34.035},
    {"address":"신월5동","population":14.461,"squareKM":0.69,"density":20.958},
    {"address":"신월6동","population":13.816,"squareKM":0.41,"density":33.698},
    {"address":"신월7동","population":19.199,"squareKM":1.19,"density":16.134},
    {"address":"신정1동","population":19.962,"squareKM":0.70,"density":28.517},
    {"address":"신정2동","population":19.003,"squareKM":0.52,"density":36.544},
    {"address":"신정3동","population":50.587,"squareKM":2.72,"density":18.598},
    {"address":"신정6동","population":24.152,"squareKM":0.96,"density":25.158},
    {"address":"신정7동","population":28.579,"squareKM":1.21,"density":23.619},
    {"address":"목5동","population":40.737,"squareKM":1.81,"density":22.507},
    {"address":"신정4동","population":33.056,"squareKM":1.01,"density":32.729},
    {"address":"염창동","population":41.628,"squareKM":1.74,"density":23.924},
    {"address":"등촌1동","population":24.991,"squareKM":0.64,"density":39.048},
    {"address":"등촌2동","population":19.855,"squareKM":0.92,"density":21.582},
    {"address":"등촌3동","population":30.025,"squareKM":0.79,"density":38.006},
    {"address":"화곡본동","population":34.121,"squareKM":0.98,"density":34.817},
    {"address":"화곡2동","population":17.785,"squareKM":0.45,"density":39.522},
    {"address":"화곡3동","population":21.603,"squareKM":0.53,"density":40.760},
    {"address":"화곡4동","population":20.514,"squareKM":0.82,"density":25.017},
    {"address":"화곡6동","population":25.303,"squareKM":1.11,"density":22.795},
    {"address":"화곡8동","population":24.415,"squareKM":0.53,"density":46.066},
    {"address":"가양1동","population":34.359,"squareKM":4.70,"density":7.310},
    {"address":"가양2동","population":13.902,"squareKM":1.00,"density":13.902},
    {"address":"가양3동","population":14.678,"squareKM":0.50,"density":29.356},
    {"address":"발산1동","population":36.236,"squareKM":2.94,"density":12.325},
    {"address":"공항동","population":30.927,"squareKM":10.87,"density":2.845},
    {"address":"방화1동","population":42.851,"squareKM":1.48,"density":28.953},
    {"address":"방화2동","population":23.371,"squareKM":6.41,"density":3.646},
    {"address":"방화3동","population":22.544,"squareKM":2.55,"density":8.841},
    {"address":"화곡1동","population":52.647,"squareKM":1.12,"density":47.006},
    {"address":"우장산동","population":42.883,"squareKM":1.36,"density":31.532},
    {"address":"신도림동","population":36.138,"squareKM":1.47,"density":24.584},
    {"address":"구로1동","population":20.936,"squareKM":1.02,"density":20.525},
    {"address":"구로3동","population":25.055,"squareKM":1.02,"density":24.564},
    {"address":"구로4동","population":23.052,"squareKM":0.46,"density":50.113},
    {"address":"구로5동","population":31.740,"squareKM":1.03,"density":30.816},
    {"address":"고척1동","population":25.636,"squareKM":1.16,"density":22.100},
    {"address":"고척2동","population":26.557,"squareKM":1.02,"density":26.036},
    {"address":"개봉2동","population":30.665,"squareKM":0.80,"density":38.331},
    {"address":"개봉3동","population":20.251,"squareKM":0.81,"density":25.001},
    {"address":"오류1동","population":23.126,"squareKM":0.59,"density":39.197},
    {"address":"수궁동","population":23.332,"squareKM":2.67,"density":8.739},
    {"address":"가리봉동","population":12.653,"squareKM":0.40,"density":31.633},
    {"address":"구로2동","population":30.093,"squareKM":1.76,"density":17.098},
    {"address":"개봉1동","population":34.105,"squareKM":1.31,"density":26.034},
    {"address":"오류2동","population":38.528,"squareKM":3.20,"density":12.040},
    {"address":"항동","population":16.551,"squareKM":1.40,"density":11.822},
    {"address":"가산동","population":26.569,"squareKM":2.52,"density":10.543},
    {"address":"독산1동","population":47.573,"squareKM":2.09,"density":22.762},
    {"address":"독산2동","population":19.562,"squareKM":0.60,"density":32.603},
    {"address":"독산3동","population":27.239,"squareKM":0.92,"density":29.608},
    {"address":"독산4동","population":16.432,"squareKM":0.59,"density":27.851},
    {"address":"시흥1동","population":34.054,"squareKM":1.71,"density":19.915},
    {"address":"시흥2동","population":20.832,"squareKM":1.26,"density":16.533},
    {"address":"시흥3동","population":10.701,"squareKM":1.07,"density":10.001},
    {"address":"시흥4동","population":20.614,"squareKM":0.87,"density":23.694},
    {"address":"시흥5동","population":19.242,"squareKM":1.39,"density":13.843},
    {"address":"여의동","population":32.923,"squareKM":8.40,"density":3.919},
    {"address":"당산1동","population":20.740,"squareKM":0.75,"density":27.653},
    {"address":"당산2동","population":37.102,"squareKM":1.55,"density":23.937},
    {"address":"양평1동","population":18.704,"squareKM":0.88,"density":21.255},
    {"address":"양평2동","population":22.583,"squareKM":3.00,"density":7.528},
    {"address":"신길1동","population":20.483,"squareKM":0.66,"density":31.035},
    {"address":"신길3동","population":17.281,"squareKM":0.52,"density":33.233},
    {"address":"신길4동","population":13.016,"squareKM":0.38,"density":34.253},
    {"address":"신길5동","population":11.212,"squareKM":0.47,"density":23.855},
    {"address":"신길6동","population":19.593,"squareKM":0.65,"density":30.143},
    {"address":"신길7동","population":19.899,"squareKM":0.64,"density":31.092},
    {"address":"대림1동","population":16.506,"squareKM":0.49,"density":33.686},
    {"address":"대림2동","population":17.523,"squareKM":0.55,"density":31.860},
    {"address":"대림3동","population":25.205,"squareKM":0.95,"density":26.532},
    {"address":"영등포본동","population":22.714,"squareKM":1.02,"density":22.269},
    {"address":"영등포동","population":30.461,"squareKM":1.26,"density":24.175},
    {"address":"도림동","population":19.600,"squareKM":0.89,"density":22.022},
    {"address":"문래동","population":32.540,"squareKM":1.49,"density":21.839},
    {"address":"노량진2동","population":11.234,"squareKM":0.64,"density":17.553},
    {"address":"상도1동","population":46.166,"squareKM":1.51,"density":30.574},
    {"address":"상도2동","population":27.982,"squareKM":0.98,"density":28.553},
    {"address":"상도3동","population":24.456,"squareKM":0.60,"density":40.760},
    {"address":"상도4동","population":28.564,"squareKM":0.75,"density":38.085},
    {"address":"사당1동","population":23.009,"squareKM":0.79,"density":29.125},
    {"address":"사당3동","population":24.189,"squareKM":0.92,"density":26.292},
    {"address":"사당4동","population":14.185,"squareKM":0.38,"density":37.329},
    {"address":"사당5동","population":14.434,"squareKM":0.57,"density":25.323},
    {"address":"대방동","population":37.056,"squareKM":1.55,"density":23.907},
    {"address":"신대방1동","population":25.118,"squareKM":0.62,"density":40.513},
    {"address":"신대방2동","population":22.445,"squareKM":1.03,"density":21.791},
    {"address":"흑석동","population":30.694,"squareKM":1.68,"density":18.270},
    {"address":"노량진1동","population":32.114,"squareKM":1.58,"density":20.325},
    {"address":"사당2동","population":28.786,"squareKM":2.75,"density":10.468},
    {"address":"보라매동","population":24.660,"squareKM":0.76,"density":32.447},
    {"address":"청림동","population":15.005,"squareKM":0.30,"density":50.017},
    {"address":"행운동","population":29.636,"squareKM":0.72,"density":41.161},
    {"address":"낙성대동","population":17.928,"squareKM":2.27,"density":7.898},
    {"address":"중앙동","population":15.685,"squareKM":0.39,"density":40.218},
    {"address":"인헌동","population":26.119,"squareKM":1.08,"density":24.184},
    {"address":"남현동","population":18.163,"squareKM":3.27,"density":5.554},
    {"address":"서원동","population":23.511,"squareKM":0.65,"density":36.171},
    {"address":"신원동","population":18.620,"squareKM":0.55,"density":33.855},
    {"address":"서림동","population":24.361,"squareKM":0.99,"density":24.607},
    {"address":"신사동","population":24.719,"squareKM":0.64,"density":38.623},
    {"address":"신림동","population":23.877,"squareKM":0.54,"density":44.217},
    {"address":"난향동","population":15.050,"squareKM":0.80,"density":18.813},
    {"address":"조원동","population":20.490,"squareKM":0.67,"density":30.582},
    {"address":"대학동","population":26.301,"squareKM":8.30,"density":3.169},
    {"address":"은천동","population":33.156,"squareKM":0.78,"density":42.508},
    {"address":"성현동","population":28.830,"squareKM":0.68,"density":42.397},
    {"address":"청룡동","population":37.132,"squareKM":1.18,"density":31.468},
    {"address":"난곡동","population":26.679,"squareKM":0.96,"density":27.791},
    {"address":"삼성동","population":20.642,"squareKM":2.66,"density":7.760},
    {"address":"미성동","population":30.662,"squareKM":1.38,"density":22.219},
    {"address":"서초1동","population":20.622,"squareKM":1.42,"density":14.523},
    {"address":"서초2동","population":26.932,"squareKM":1.24,"density":21.719},
    {"address":"서초3동","population":32.379,"squareKM":2.93,"density":11.051},
    {"address":"서초4동","population":30.521,"squareKM":0.88,"density":34.683},
    {"address":"잠원동","population":26.393,"squareKM":1.76,"density":14.996},
    {"address":"반포본동","population":292,"squareKM":1.01,"density":289},
    {"address":"반포1동","population":34.443,"squareKM":1.00,"density":34.443},
    {"address":"반포2동","population":15.742,"squareKM":1.35,"density":11.661},
    {"address":"반포3동","population":22.773,"squareKM":1.28,"density":17.791},
    {"address":"반포4동","population":19.486,"squareKM":1.43,"density":13.627},
    {"address":"방배본동","population":20.778,"squareKM":0.67,"density":31.012},
    {"address":"방배1동","population":16.883,"squareKM":0.70,"density":24.119},
    {"address":"방배2동","population":18.553,"squareKM":1.93,"density":9.613},
    {"address":"방배3동","population":17.321,"squareKM":2.40,"density":7.217},
    {"address":"방배4동","population":23.429,"squareKM":0.98,"density":23.907},
    {"address":"양재1동","population":42.683,"squareKM":5.76,"density":7.410},
    {"address":"양재2동","population":21.766,"squareKM":7.58,"density":2.872},
    {"address":"내곡동","population":17.455,"squareKM":12.68,"density":1.377},
    {"address":"신사동","population":15.876,"squareKM":1.89,"density":8.400},
    {"address":"개포3동","population":17.382,"squareKM":1.24,"density":14.018},
    {"address":"논현1동","population":22.080,"squareKM":1.25,"density":17.664},
    {"address":"논현2동","population":20.814,"squareKM":1.47,"density":14.159},
    {"address":"삼성1동","population":12.739,"squareKM":1.94,"density":6.566},
    {"address":"삼성2동","population":31.062,"squareKM":1.24,"density":25.050},
    {"address":"대치1동","population":23.846,"squareKM":0.79,"density":30.185},
    {"address":"대치4동","population":19.491,"squareKM":0.73,"density":26.700},
    {"address":"역삼1동","population":35.556,"squareKM":2.35,"density":15.130},
    {"address":"역삼2동","population":37.269,"squareKM":1.15,"density":32.408},
    {"address":"도곡1동","population":21.274,"squareKM":1.02,"density":20.857},
    {"address":"도곡2동","population":32.846,"squareKM":1.02,"density":32.202},
    {"address":"개포1동","population":6.922,"squareKM":1.27,"density":5.450},
    {"address":"개포4동","population":23.639,"squareKM":1.49,"density":15.865},
    {"address":"일원본동","population":23.015,"squareKM":2.58,"density":8.921},
    {"address":"일원1동","population":14.987,"squareKM":0.92,"density":16.290},
    {"address":"수서동","population":14.402,"squareKM":1.43,"density":10.071},
    {"address":"세곡동","population":43.382,"squareKM":6.36,"density":6.821},
    {"address":"압구정동","population":25.902,"squareKM":2.53,"density":10.238},
    {"address":"청담동","population":25.489,"squareKM":2.33,"density":10.939},
    {"address":"대치2동","population":37.098,"squareKM":2.00,"density":18.549},
    {"address":"개포2동","population":29.032,"squareKM":2.51,"density":11.567},
    {"address":"풍납1동","population":12.910,"squareKM":0.77,"density":16.766},
    {"address":"풍납2동","population":24.426,"squareKM":1.59,"density":15.362},
    {"address":"거여1동","population":12.255,"squareKM":0.51,"density":24.029},
    {"address":"거여2동","population":23.745,"squareKM":0.53,"density":44.802},
    {"address":"마천1동","population":18.618,"squareKM":0.58,"density":32.100},
    {"address":"마천2동","population":18.150,"squareKM":0.89,"density":20.393},
    {"address":"방이1동","population":15.460,"squareKM":0.50,"density":30.920},
    {"address":"방이2동","population":26.354,"squareKM":0.80,"density":32.943},
    {"address":"오륜동","population":17.804,"squareKM":3.17,"density":5.616},
    {"address":"오금동","population":38.037,"squareKM":1.65,"density":23.053},
    {"address":"송파1동","population":24.008,"squareKM":0.79,"density":30.390},
    {"address":"송파2동","population":18.947,"squareKM":0.53,"density":35.749},
    {"address":"석촌동","population":31.602,"squareKM":0.95,"density":33.265},
    {"address":"삼전동","population":29.912,"squareKM":0.95,"density":31.486},
    {"address":"가락본동","population":25.883,"squareKM":1.13,"density":22.905},
    {"address":"가락1동","population":27.521,"squareKM":1.34,"density":20.538},
    {"address":"가락2동","population":31.670,"squareKM":0.96,"density":32.990},
    {"address":"문정1동","population":19.916,"squareKM":0.56,"density":35.564},
    {"address":"문정2동","population":28.841,"squareKM":2.20,"density":13.110},
    {"address":"잠실본동","population":28.358,"squareKM":0.94,"density":30.168},
    {"address":"잠실4동","population":21.223,"squareKM":1.56,"density":13.604},
    {"address":"잠실6동","population":16.713,"squareKM":2.79,"density":5.990},
    {"address":"잠실7동","population":9.427,"squareKM":0.60,"density":15.712},
    {"address":"잠실2동","population":34.876,"squareKM":2.18,"density":15.998},
    {"address":"잠실3동","population":34.143,"squareKM":1.49,"density":22.915},
    {"address":"장지동","population":29.102,"squareKM":1.37,"density":21.242},
    {"address":"위례동","population":44.613,"squareKM":2.55,"density":17.495},
    {"address":"명일1동","population":25.641,"squareKM":0.61,"density":42.034},
    {"address":"명일2동","population":17.327,"squareKM":0.97,"density":17.863},
    {"address":"고덕1동","population":23.919,"squareKM":1.51,"density":15.840},
    {"address":"고덕2동","population":22.764,"squareKM":2.50,"density":9.106},
    {"address":"암사2동","population":15.069,"squareKM":1.18,"density":12.770},
    {"address":"암사3동","population":17.481,"squareKM":2.51,"density":6.965},
    {"address":"천호1동","population":26.670,"squareKM":0.71,"density":37.563},
    {"address":"천호3동","population":26.679,"squareKM":0.79,"density":33.771},
    {"address":"성내1동","population":19.900,"squareKM":0.58,"density":34.310},
    {"address":"성내2동","population":23.528,"squareKM":0.67,"density":35.116},
    {"address":"성내3동","population":23.071,"squareKM":0.71,"density":32.494},
    {"address":"둔촌1동","population":73,"squareKM":0.92,"density":79},
    {"address":"둔촌2동","population":24.277,"squareKM":1.56,"density":15.562},
    {"address":"암사1동","population":34.271,"squareKM":1.02,"density":33.599},
    {"address":"천호2동","population":33.825,"squareKM":1.57,"density":21.545},
    {"address":"길동","population":45.374,"squareKM":1.61,"density":28.183},
    {"address":"강일동","population":33.057,"squareKM":2.26,"density":14.627},
    {"address":"상일1동","population":39.178,"squareKM":1.82,"density":21.526},
    {"address":"상일2동","population":11.933,"squareKM":1.09,"density":10.948}
]